"model","distribution","sample_size","method","parameter","bias","variance","mse","rmse","successes","replicates","relative_efficiency","variance_reduction"
"ARIMA(2,1,0)","Gamma",500,"CSS","phi1",-0.00266532634100286,0.0018447050879037,0.0018508866998638,0.0430219327769429,2000,2000,1,0
"ARIMA(2,1,0)","Gamma",500,"CSS","phi2",-0.00285677729162,0.00192041593855774,0.00192761690708238,0.0439046342324176,2000,2000,1,0
"ARIMA(2,1,0)","Gamma",500,"PMM2","phi1",5.93802047165189e-05,0.00114200863713235,0.00114144115882249,0.0337852210118935,2000,2000,1.62153492149623,38.0926173716955
"ARIMA(2,1,0)","Gamma",500,"PMM2","phi2",-0.00113262045610224,0.00118585483585332,0.00118654473753297,0.0344462586870181,2000,2000,1.6245631926953,38.2501044672691
"ARIMA(2,1,0)","Gamma",500,"M-EST","phi1",-0.00133450830898551,0.00153589473161603,0.00153690769667697,0.0392034143497345,2000,2000,1.20429268710521,16.7403645337478
"ARIMA(2,1,0)","Gamma",500,"M-EST","phi2",-0.00244995134583326,0.00160831117508259,0.001613509281092,0.0401685110639167,2000,2000,1.19467357868422,16.2519356983439
