"model","method","rmse","mae","n_forecast"
"ARIMA(1,1,0)","CSS",2.19094013764778,1.82986075169896,239
"ARIMA(1,1,0)","PMM2",1.35486107611255,0.997991631799164,239
"ARIMA(0,1,1)","CSS",1.35844024309924,0.999639903571499,239
"ARIMA(0,1,1)","PMM2",1.35486107611255,0.997991631799164,239
"ARIMA(1,1,1)","CSS",1.35469284126112,0.998107988952225,239
"ARIMA(1,1,1)","PMM2",1.35486107611255,0.997991631799164,239
"ARIMA(2,1,0)","CSS",1.52065365468396,1.14290067592196,239
"ARIMA(2,1,0)","PMM2",1.35486107611255,0.997991631799164,239
