"model","method","rmse","mae","n_forecast"
"ARIMA(1,1,0)","CSS",2.3774645959168,1.72568225966147,1094
"ARIMA(1,1,0)","PMM2",2.11798611663762,1.53113451882234,1094
"ARIMA(0,1,1)","CSS",1.94518790541463,1.39764328351136,1094
"ARIMA(0,1,1)","PMM2",1.90361109262268,1.37205667276051,1094
"ARIMA(1,1,1)","CSS",1.97908443995228,1.41996722796942,1094
"ARIMA(1,1,1)","PMM2",1.93454488728338,1.38766609281147,1094
"ARIMA(2,1,0)","CSS",2.27580524074174,1.61804718904975,1094
"ARIMA(2,1,0)","PMM2",2.34109353206464,1.69502813101903,1094
